subset,label,rel_path,bytes,sha256
10mb,Cat,Cat/1639.jpg,81131,3f817ced4f5e29ed9c6bf2bc83f874933c5b6ec73696f0ad063f900bdb3cbf04
10mb,Dog,Dog/10557.jpg,37738,ef2aa32495f798a242d9c4caa10be8ccaa7a53117606b8fea2f5256c134fba47
10mb,Cat,Cat/9187.jpg,22173,ce05d0d485c3cdda74a7c7837e18db57b61310155d084d2c9d1c2de2316a19a5
10mb,Dog,Dog/5541.jpg,48976,b85a0a3a2dcad21c99316c1d44b21a23c195d8d723890c6ae5c4174a0429bd1f
10mb,Cat,Cat/4861.jpg,12660,7ef88b498d8e989387c7dc86ddaaf9db3692eeacaa203054291fe6ea8be50cc4
10mb,Dog,Dog/520.jpg,30335,5a6aa3fac51c70ec1d15e3d373083c363d7299b970ef6c1d9f378d33ea1fabf0
10mb,Cat,Cat/6284.jpg,49236,adc87dcbed3420e4a6a19475f5b4e52b6fc317d2592fb4efa202b022659d84ba
10mb,Dog,Dog/5404.jpg,24200,f7d52571d197fcc9fccf073f5fea23af8b459a0778b5d7752d41954cdd3c29f6
10mb,Cat,Cat/7116.jpg,22392,ca08453603548e9154716088caee229b80248d4ddde987ada01f8b8c59d6f1bc
10mb,Dog,Dog/6505.jpg,27569,03a00e7c94853f25cb195253c02fca2a31591ca9892108555b796a7bed3b110d
10mb,Cat,Cat/6437.jpg,38411,e4fa150586aca163aaab9130c6acd10d7085c488b49471578b086d28349f4585
10mb,Dog,Dog/1991.jpg,35835,36d0fb36293b352f1afa2a5e219e8de8336c3c4a141725c9eddc9f9b9340365e
10mb,Cat,Cat/11627.jpg,22317,dcc5483455e7d581d3db4ebfd971dc9a7662890cc64f0c87787f7e71b15ab141
10mb,Dog,Dog/3080.jpg,51451,d181df42b5ab1aa9d668eb88b513fd841c52a9f2bec86c95f08ff379b2b25177
10mb,Cat,Cat/1001.jpg,23764,f8c8a16a7d40555796b84a3712abf2e7326cd0e100ffe32135696fae5f8ee78f
10mb,Dog,Dog/6926.jpg,35568,b966ecfb2f3dd0f3c3015e0bb8a00f62dbe7c8ad6e3f39426dfdeba497e7703e
10mb,Cat,Cat/10009.jpg,21870,60b5eee3e8242c81d73d0aab368367697eb2f9eb3d369b7e3bfc844d850829f0
10mb,Dog,Dog/2420.jpg,10051,2af856a180c26a27a0f59776e8c1a76fe6795a272e9b639711bb4af20478aeb8
10mb,Cat,Cat/7306.jpg,45001,1f086298244b69947aa9a982ecaec114ad6d15b41e7590e6d35a1fa23e69e67e
10mb,Dog,Dog/9520.jpg,15974,375523dee18ebc198b739d7fc0eee27061f67a867233402be5c6205f9ee4f7b3
10mb,Cat,Cat/11019.jpg,38252,c7dabb3f1df2ee965c2ea3eef522708496ce00ec450d0d0f5549c132357cc3ae
10mb,Dog,Dog/5175.jpg,206473,f8cc017fc0d08909cc3329eaa13acd655ea6dfe41524f30cc23c17412e78cbd0
10mb,Cat,Cat/10861.jpg,30128,f0565602dc2901eee6d2e8a7c6b82ba0f1a6bf51c9978c5414799d2b58292cec
10mb,Dog,Dog/7638.jpg,76314,151b01c450e8b2d62aeeb8fcf30a61589864380f42ca323446beededdaba1af2
10mb,Cat,Cat/661.jpg,24719,f154826dffb09927f6d52fa7e709dfe71bffeb6aa1c23f7016cd1ddb41eb4521
10mb,Dog,Dog/9963.jpg,28815,2edc6f3da7fab2e0d8472493793f7ada4366e7298140c18e65a3ee170e443356
10mb,Cat,Cat/7796.jpg,8083,d85df1993b6c658ee08a047288c96e6bdbfdcef0334892a920842b5c82a29824
10mb,Dog,Dog/7187.jpg,8687,04be4d68b3d5fba1d2516528805a01f77588a71530d16bb39e9f943b013317e6
10mb,Cat,Cat/6296.jpg,32438,5c594a1d2c5233984f4400dfd9234be5c85cfa5a8e5ea2c7fd9918d91feeb8d9
10mb,Dog,Dog/9048.jpg,15025,47dfc79f98884e500f5debc9c17fd00ab87d69846766cc87e5c520b676059f03
10mb,Cat,Cat/6979.jpg,26723,99b2fb0de4256ddb44a0ecc2b7bd9b6449b7191f8c5c35135ebf0728c7cb7d42
10mb,Dog,Dog/7635.jpg,28736,f47235dd535e3a88fe76acc858dba18ac5c7a049c34b158880f000de2fc629a7
10mb,Cat,Cat/1100.jpg,26452,ee6176c8c146fed30b7bde5bd21cd6398466e5a2dca2936a0db8eee30fbaf81b
10mb,Dog,Dog/2039.jpg,45941,43bd04b75f88c7b418629edb7d57b94eceb53eae256e3461c494a8907e4c2f02
10mb,Cat,Cat/1999.jpg,24432,8d162bcdd8cbead0e0f8db41817307bad6349f0b018c2f11eab00d4fca68ffca
10mb,Dog,Dog/10165.jpg,42915,dab6d87917278987118a59c46d1422b487e4d5ad9fb6cc4807b86fd8bd0ba4ef
10mb,Cat,Cat/6116.jpg,16857,2bb57bde3f672f5e3abaa7d8bf83fdc5639467aa4000d4cee895f8811bef2bf6
10mb,Dog,Dog/6407.jpg,19084,ba0c30eaf0af0c0cdc5c0b777d32025538f35e228e16d445d9b67867973bbadb
10mb,Cat,Cat/4373.jpg,35547,3cac46a8ba5eaedc9aa99823be35ecb3d08b3f7c1693b9bca4ac16920c668104
10mb,Dog,Dog/7683.jpg,30309,4bcc098b35e91c8dba7bfeefc91702302208be7b621c9433539ed3997c06eb93
10mb,Cat,Cat/5301.jpg,64684,d42cdc05d21f676d37603aff78ad4b1d5cc92f440d18543390dd241f47786ae6
10mb,Dog,Dog/1906.jpg,4470,fbe15077f1fe44ccd76a1dc6265cc21ae3dfac5b03695acac6f51b55a89ffabb
10mb,Cat,Cat/7779.jpg,34541,b42efd1256337d146d860159d7ffa061566425470c09afc9857414254b90e161
10mb,Dog,Dog/5230.jpg,25293,e9c76bb118a2c7a1dd14363a897eed9207dc4b9a3444c0eeb3c1af5ad0562fdc
10mb,Cat,Cat/2260.jpg,19967,7e5504a510bca59f3ca133bcb86940ea5af5ee38b084a99eab479b26f95e843a
10mb,Dog,Dog/753.jpg,21424,797204109367ec2c5b113beb066548c3353de70abd95c57dbaf4e0e3f6195454
10mb,Cat,Cat/3509.jpg,30137,15ff9be8de3390f3d9521b81e1a40e6e24d5b74b823bae43494d8bc1f3ee6670
10mb,Dog,Dog/3123.jpg,41588,5b45f8846ec48614ebd2921a5ee6b0c2559205970350191a16aef172de8fa099
10mb,Cat,Cat/9199.jpg,34018,de54efc8d5c97e4ff3baa7264f62973d08ad53cb058e3813f9b7e64a98aab008
10mb,Dog,Dog/6209.jpg,64788,7a75bd8b69dbbc39663a1de647316b8e2941389b840264f80e57e680a8f81864
10mb,Cat,Cat/11257.jpg,17828,386bf282b7563aff6566df8d6d838340bc98b8cb2393982cc7e9e2a20cb392d5
10mb,Dog,Dog/10519.jpg,38759,bcf029f6a4967caea008cde367e84cc2a89c332b84a4e4fb63b0c6e43d4d1e47
10mb,Cat,Cat/1310.jpg,51089,a72b253dd047b1fccbe67ce970f58fdde0a2693a39e626c685cf24e7bf8cac2c
10mb,Dog,Dog/11219.jpg,18342,705f3bb9c464a466e7c0c909a114cc3988b3850e8a50f6bda1b1ff7b366bf0ae
10mb,Cat,Cat/7426.jpg,24218,705449b5cd10d4d91e356ac6824a2a0427f3794bd4a21794076a303bb21ecacc
10mb,Dog,Dog/3206.jpg,16276,4933318e6c5ecf2316b86b343651d6897eb65e3172f2ff1615373e7675c7baf4
10mb,Cat,Cat/1402.jpg,71265,b366ac534ba0ea691d740ef6777d795b0509c6c8be6916cf0b6c944ea1dc6511
10mb,Dog,Dog/11236.jpg,21275,2168dcd24012170720819b9bb8fb4000064b04cd97a5a138e50d847fe3663c41
10mb,Cat,Cat/2799.jpg,20683,11ed30f0268262ad2c11289d590f7522c9ed4de0ab6f799a55d6d12c5826e584
10mb,Dog,Dog/1117.jpg,6961,ba4f103c58ae7711adac557c3330c8b5175e084e8d9010c026f7849c537c1361
10mb,Cat,Cat/5529.jpg,23054,ccfff80a47b5319ae01e2f16cc67dd1e25a9002aee3d8652f9a5808b33a97bec
10mb,Dog,Dog/5313.jpg,15942,762208e79bf0208da4e86676b1983ed45f383750d10487fc557c5c68b8a4a29f
10mb,Cat,Cat/12087.jpg,36236,d5a2ea91656b41926c4d0cdb1148461a91e2c498d326cc7153b7ef1f155240c3
10mb,Dog,Dog/5495.jpg,21155,b91fbec6122bb26a74578d0e4b9b868a9822a2f543482cad2b02d305fc2dee7e
10mb,Cat,Cat/10919.jpg,17585,f2363422a883062c4b74ad6eeee9ddca97978b75d6a928bb014f42e8b9886842
10mb,Dog,Dog/5371.jpg,126243,b52b0ab702eeff41fa29d255bf30a9df882ea9484dc4b1d21c6d84b8ef58309d
10mb,Cat,Cat/977.jpg,30759,ffc6717b0c1a2944472b41a61e3c22fbd4a793f5b73e5b9989f6eddf2bd46912
10mb,Dog,Dog/11990.jpg,37962,4c9f2091f40f22f7bc3c9e0a59ea0b8b6da271a4d7b6fcecc148051e406ff60a
10mb,Cat,Cat/8590.jpg,50065,d9077e42b1fea7916d8cfecfcc7f040c40a6a076a971de7ce931bccd80315aa1
10mb,Dog,Dog/8243.jpg,41280,da6da77af193122fb8b94c4b98b4aee5e1dad6950961e10924e6f2309f274591
10mb,Cat,Cat/6476.jpg,33739,e41cc46ff8d1c642d68acd0044be087581e9933147c599206327c5eb5bc79a1c
10mb,Dog,Dog/7146.jpg,14834,8c4aa43f9c0d7d95f81d7b3e4b416ab1db9ca4a6265a2c02c447ff6af7723840
10mb,Cat,Cat/1590.jpg,42667,010f02a23f2e6a401f343a3a3e1c6bb0e6a0c680ff4f4742b22de73f85f5cf31
10mb,Dog,Dog/2593.jpg,9013,aba699244d3fa8f052b99f7fcb86a637b4e1feeb5e160378c90d837368e9be13
10mb,Cat,Cat/905.jpg,15216,55b27d7779b6f63462a36e43a25c873f0c9cb86c1418fad5b59d71f4f623b3e0
10mb,Dog,Dog/2946.jpg,28454,c157d6037f81a369d29bf65d8f2f3b9a988c59f6722d2d71e3b2e4a0c50782ad
10mb,Cat,Cat/754.jpg,9700,25e9c4f5b01f847037de082fee3290aeca8d56b49bcfd687cf46b12083306f08
10mb,Dog,Dog/11599.jpg,15021,6b1ef08aa8b3c213c8c38dbc95cc66c5cb51b5bd74377cfb2673b066d46052e4
10mb,Cat,Cat/9792.jpg,71002,2a2f3aa51c898a3b33fe043bcee9cc2b487e1e05f59d0b9e942e396905456e90
10mb,Dog,Dog/909.jpg,8253,eae4e2509c694e0828480b88032316714ff4d81db3a0956ec361723a2f21e942
10mb,Cat,Cat/2009.jpg,19982,252f255e173a74678af67d0478e27e086b21d7096c9f53176603e02848cf662c
10mb,Dog,Dog/5870.jpg,15268,ebcc74a6d799ae3e926dd5ac0b111fc39e27b2e33a1c53c0dd23f7094d3c1bf3
10mb,Cat,Cat/7952.jpg,20956,d9a524dd67e41adbbca8725488e2b10bfef1553c503e5b4e6644cd6bdb365501
10mb,Dog,Dog/7917.jpg,35591,2a1a30168d54fc8ee54f58c230e9d6c15f3a072ccb9e8e99621b06e7da48e75e
10mb,Cat,Cat/2004.jpg,8083,e550be830341b2b1343a972dd4c63e6c61c76dca8bd0b8b86721c3c6dcd6e512
10mb,Dog,Dog/11327.jpg,22221,d8ada0ed67bae967bc0d25b8a774ae959441cc136b0c71657f02cbba04b9612d
10mb,Cat,Cat/882.jpg,21846,67cc8a48946c85224d1499e77f340335af74a9c8723df1b29f534f479af4b086
10mb,Dog,Dog/7986.jpg,35686,95f7bca177b181bddae07dcb7ac24b20a9a4430f448e1adeb037e43b943a2e23
10mb,Cat,Cat/11422.jpg,19335,5fbb8fe0e0e823a479567e24a4a2ad49cd106b4e5b2e58610708189103eef80f
10mb,Dog,Dog/4734.jpg,27503,0007efec0916ad49858cdfbc6a9e9c892c895e81d3b89398940c491c84925940
10mb,Cat,Cat/10542.jpg,17458,dd7829a9e30641d26ba0c5fdb1af7d3abcf6a950a44f534d108aeeb8bbdeab89
10mb,Dog,Dog/6627.jpg,44408,861fc70386be19fdf12ff281b416ccd7b5505b6da3824e965c0740f943caa154
10mb,Cat,Cat/703.jpg,21899,fc9a90d9bbcd1dad9e6e1fdce631d40a93cf76616218889753ccc1cbc6233404
10mb,Dog,Dog/2094.jpg,86882,14f8812eb8536dcea10def7189bfd5c0087a18f0996dc985603a91a219406a58
10mb,Cat,Cat/9551.jpg,20119,55965268994d67bc4cdeb7c2c89e268d15fa55fd0920461d0f1f50d6f854c4ae
10mb,Dog,Dog/8638.jpg,27956,0976d4c1433ed47f25530d6a55ba1e1bfb3c208409aa7803cf0a8a334f839067
10mb,Cat,Cat/8605.jpg,23735,fd2f3eaf57e17ff7e835bb0feafeea62501bcc07bb043901ef973be01e3fe7bd
10mb,Dog,Dog/10891.jpg,21413,561a1e4109a4afa31931108db4aeefe418a87541af29c0c2336f8f68379b5bca
10mb,Cat,Cat/4687.jpg,5162,b75e26ef543dfa47630a46a3025d24c48a0e841551c3730bdad018ae994b7929
10mb,Dog,Dog/2600.jpg,49955,35bc34c84dbbd4e2d65c545dd8c006f8dd13fb59d56aa1f1576764752d7549ae
10mb,Cat,Cat/11094.jpg,3386,226553fa97459c976265accaae955f063ab9097dc824228ca0f9a91b7ee5702c
10mb,Dog,Dog/3748.jpg,22706,502bc90b3afbaa2a48bef4f18818782f4044292aee098e8366f697528c6bbda1
10mb,Cat,Cat/2233.jpg,29260,b5b745e8ec5a0f9e084acd782677b6284676606f37b1855a10301ece0b45a7bf
10mb,Dog,Dog/9403.jpg,30325,929bcb81045c646660e742e6d6361e7a6bed7346d5816e7992ddd48146a78780
10mb,Cat,Cat/7003.jpg,358854,2d3a52528396bf78e48cec81610c4ea1158adbf00349cfc8b02d3253ace6f412
10mb,Dog,Dog/2004.jpg,28839,61afea165b5d25621456a5edcb6ba21fb859d07b47af55e21d098eee8ff5bfa9
10mb,Cat,Cat/6833.jpg,19393,b49519ae22c1f180813e6ce2589e956898c37b23ea8801d49767c6c00fb9d774
10mb,Dog,Dog/74.jpg,32016,1baf49d46f99a7d5caecb373dd1118bd1339a887aa28565e880ecbc0313b405c
10mb,Cat,Cat/12459.jpg,34750,28fc3ae2f9542f8864c9938efdd8b684f8cbdfb534da57c798defd90ccd2e4e7
10mb,Dog,Dog/760.jpg,17080,022fab457e3792c49736d9f2a2d5f4cade4a8119ba56b44437d5c37f9e164073
10mb,Cat,Cat/9096.jpg,23838,95f838a104c9d8b68f158fed97341c13736877e9030982bef76e213cbdac2933
10mb,Dog,Dog/8298.jpg,16411,87fb62f5764c84452ab30ddcdcef3d109f3c34dd462325e4158ef487c496188e
10mb,Cat,Cat/12112.jpg,34938,0c99a8cf789b1ea4326117406c6b6d5c1653016a0239716c4b27fb9290713526
10mb,Dog,Dog/1736.jpg,27256,a0e1a5c03f361a6eab1b1153af1baca4f257e09bb3f371f3ef76e67e5d339618
10mb,Cat,Cat/8568.jpg,25334,aa6810d29a5ef4b455ac659893671183359a1d578b0c22c1e323892159b2f701
10mb,Dog,Dog/7096.jpg,26586,36a41ae2a5d21de271da56df2f8876cbc96747b3c58d7189bc7057617e0800ac
10mb,Cat,Cat/4410.jpg,30972,1acfdf9dd8fd282603f1bb44b4d60bcdc85b9f3c4bf2f4d1baa98ce52f43b112
10mb,Dog,Dog/11059.jpg,77420,154200c8e4a6207c1d623a52637f69b078b35d1e07ad7e60d1bcd09707a142e2
10mb,Cat,Cat/10997.jpg,43337,39376c49806775e26b78d8872eaf990e4dfebe6568a10f07cee2be548e1adf0f
10mb,Dog,Dog/3196.jpg,56404,36e83ca484612f7cf2392ba0997417408141cd7e7fa9425d54e43514811bad62
10mb,Cat,Cat/5972.jpg,30089,30c880c5db0cd28e5b3e38522dde807a138d84f59e90497590e06df9ca65d8f2
10mb,Dog,Dog/3633.jpg,54392,45cd108bbbef5f83d9ffe38eefc98a8f6f8bd3b1a989414f0acc35c7dc9c1e20
10mb,Cat,Cat/662.jpg,26184,1d83a0eddb5bde115be6ed00c570d596d1980a1b6fcd8331a09c62f98fd28bcd
10mb,Dog,Dog/4135.jpg,28002,d962528955429a6617e5bb514153af0c624488907a0c06f8e659efcd02aa5af9
10mb,Cat,Cat/2490.jpg,27983,9a3f16839f13d93b9bd413c5d7a4acd83fe80c90e464ce392fc0bfd5b081b707
10mb,Dog,Dog/8724.jpg,41159,623d7d752971a397005c07cb7e517b58ec470b55c75075fc76f519dddc0079f8
10mb,Cat,Cat/8251.jpg,26278,17f8a1d6f8e0edb042237ddc6f9ce17f76cd1fdd2c662477f6e2ab494c988bcb
10mb,Dog,Dog/3124.jpg,24478,fbeb955bea7f5a7ff6333c7b9c75090dcea43811e2d6adf0b1ec84e190c627cc
10mb,Cat,Cat/2080.jpg,21773,801fe3ba4337380749f1ad4951d600d4be336fb3ade34b23c640002a415e68ad
10mb,Dog,Dog/7558.jpg,9413,3dccb0d1c1db2b2eaeaaddc2f9b527f0d01dc8dc4482ee86ad902259d8d351fe
10mb,Cat,Cat/6974.jpg,23635,4fcbf5002218bf65cfd37cedf17ec98c6c1f56c9c82e822ba372655aa3f7ae55
10mb,Dog,Dog/7432.jpg,28318,f7cac2df38bddf5a90e8b9598ca9bbe810d3b8393909cae8eab17e6cf0270bd9
10mb,Cat,Cat/6589.jpg,18641,de58df5ebe8ba1c43c560e2200151239dca23e80d8574178bd9b12c2f39b6d2c
10mb,Dog,Dog/8435.jpg,36843,7b212e8b6a3a0a1f0ffdeb30308183d27b8cfb7ff5a461bc00afe8414a465901
10mb,Cat,Cat/3210.jpg,23515,821003b00a6c71fb83f4b981593418bf14e119e77c7bdd6c90cd76da39cfc21b
10mb,Dog,Dog/8931.jpg,38136,50e4cc9e108ec8a8ca59f7261763a8184ba17316f50f65fe15781593724875e2
10mb,Cat,Cat/2057.jpg,41835,dff4a99a4e7bad42a0837e993ca7aa6f2a60602f33b425f9c9013d57631ba0f9
10mb,Dog,Dog/4524.jpg,49748,bdc1fede316899394ba5c5d9b4eb8d9af962e2020be9de1535012297e2ac4d94
10mb,Cat,Cat/3970.jpg,43437,82794f08a4bd060d51b9e7e1be4edda5a531f4c9b9631d6ef6278ea18726da56
10mb,Dog,Dog/4199.jpg,20163,a2b1a33565b3eb9fb75c21ccc6c1e6bc0a20bf168f00cd9635a91915ffcead5e
10mb,Cat,Cat/5743.jpg,42314,a08c2c68435faa442745fb36e2a5aad8bbbe24aff96339d0c466b00065f22898
10mb,Dog,Dog/5527.jpg,88142,ed5d257aa54b88ac9b52bc590d8ada2e13d9b90a237463966c6435f7e9bcde60
10mb,Cat,Cat/166.jpg,39890,356f948212e792febf1441507a08ba4a5b6ea8e337146f8d785f8b9cb7ffdd75
10mb,Dog,Dog/7279.jpg,31508,7ec50a1b138cb0716569f89b0be7f50c41ace91a3cdb13b2e424e5b49e4d41bd
10mb,Cat,Cat/2609.jpg,31097,21e078d1eac273d42915f457dbbf6c53bf7fbaa7e431852027b55c97226a55c9
10mb,Dog,Dog/5145.jpg,47523,ef261e4ebbbd6d60fb38d810290e6bb2089571f28bea6eb9fc49c809dcbc1cca
10mb,Cat,Cat/4333.jpg,21875,0d2c27db8709ec1020084f0b98e2700ecf4eeb4955731820776be15714adf22c
10mb,Dog,Dog/2153.jpg,25604,b3ad5303b04af671a718e7c48f37a0028792d3e8eaccea4d5b5c9d862b2a73c8
10mb,Cat,Cat/5061.jpg,38197,078a8aae138610f9aa9d15e95c3d11be1fdd2b1b7deb5522edfdaeef9ad689a7
10mb,Dog,Dog/5221.jpg,36426,0ba2c11c40499b87718bc2760fa6fa0af9a995cf7a571abf53ce5b81d77d69c3
10mb,Cat,Cat/6896.jpg,40584,357401a7e0d55ec5e2d1604464ad7e2acd05dd78ee02c788f5e55feb64f8ec7a
10mb,Dog,Dog/8532.jpg,41999,87e04f604a6460c8d47e72a15e579720326ef5267b6195c5c999d9f3e6f6a44f
10mb,Cat,Cat/3243.jpg,23096,017e5d35a59d0da9a26d20318ad1037d328c507b5bba99f87ac6bcd877b7a75e
10mb,Dog,Dog/11144.jpg,32248,45e058ae4e7d67a7f21affc035fcd16ccdf42133752766427fa2e3e8568b433c
10mb,Cat,Cat/10544.jpg,73262,8c37cfc71e21c8a3ea4e30465160fb040d0f346980250a1229606849b113b2ed
10mb,Dog,Dog/9962.jpg,51044,bca4475d1937645f7c8d5b8a144ba1cb7436a62d00be1f6fb144ac1767daba65
10mb,Cat,Cat/3353.jpg,25618,39a20d88d8f2ece2576d17e140f1eabd40c75da6170a9ad764b304ea7065393b
10mb,Dog,Dog/9050.jpg,35545,12c445e7a9c75d68482e6b692339a520c836db520580377ff6aa2cfaf3df0ced
10mb,Cat,Cat/2950.jpg,16043,fd42c96a7c1ff1f1bc7020ce83143b2efe8eb98949bc31edbef67f126ef2ba4b
10mb,Dog,Dog/11030.jpg,21603,ce63980a256b3e51ca9275468b28eddc4226a241b4cd5b95d426a7807a454352
10mb,Cat,Cat/4213.jpg,9786,34f07d42109fc09317e767021e21e2ea37426cf0a4d0f378121af0e16eb8b40a
10mb,Dog,Dog/11722.jpg,6605,55b226e890072608ad3bd012c12fecf86e41512a7660fac6f6c7ec79d84f20f3
10mb,Cat,Cat/6546.jpg,19970,4241fec00444b108482343524b605f56d911f88bb0e8f32993a73d2ba7822bf6
10mb,Dog,Dog/12000.jpg,22006,c9488f5875b482e503a35adf097bfd6bb87286c42c0743a45053ee53ce56e6cd
10mb,Cat,Cat/9523.jpg,15999,59172bd28c458e2eb5cb89a7a44af7e0a53dde5e875bc9e67d463663b0114238
10mb,Dog,Dog/8011.jpg,28659,79216ddf735ebbdb57f10e3d166c4c6fd31ab85d20f6d6f8be2aa75bdef00602
10mb,Cat,Cat/5126.jpg,6869,a05d3493041037a1b68397b9c071f3aa4b06a6d924d95738994a33e486344b6f
10mb,Dog,Dog/6905.jpg,25324,380a54ef67247206bb9acb536df175df1ae7fee4f6c7abf57149bac463cb6e60
10mb,Cat,Cat/3558.jpg,34299,26d958f31e0303ed3be2a6602ce6f87e56c5c26540df04b113beb6e4786da5c6
10mb,Dog,Dog/11677.jpg,29818,85fe35ee13f75321d2bc957891e72268777d952b25b44e4db9662942b065bdd2
10mb,Cat,Cat/3950.jpg,27572,e657eccf34884a99d328401bed886ad577ff86ff74dec52bbba79529fb28d651
10mb,Dog,Dog/8652.jpg,45186,4ddf57cf266136cb8c27eac0df267d46ec4973447db125b5639f9b4ee57adb8b
10mb,Cat,Cat/2444.jpg,5459,4c5e886ebfdd356277f6e80d8bb31cb8e5c31f65623956b1a8ef305d4a269a4a
10mb,Dog,Dog/408.jpg,25995,bb0920c47fee15ee0831db19ca0c7619cf2867b23dbe9a224de7cb1f5ab8983e
10mb,Cat,Cat/2232.jpg,26869,82d3bf1671dd2e05dc326618381fa20a5a177929609b76163d411c29c7cc81a2
10mb,Dog,Dog/11884.jpg,8488,5b20d2ab62f148a128054d5551863a20d156e71c0d904d39838ceede18e849f4
10mb,Cat,Cat/2096.jpg,6967,5cb5d8437aa92e6fdc8e97e343734fbda311ae99cb54469a5a00bfa0d52d5a20
10mb,Dog,Dog/3554.jpg,22391,a600febd654728a6ccb67f31f268dd02f12ca49d301269637c21d8008898a2e8
10mb,Cat,Cat/9145.jpg,19318,c2fde9d40057586eed338e4f9d1261e3882b60ce2499005f885ad1e340cef722
10mb,Dog,Dog/10595.jpg,25286,8ae88cf435575386122f8d733d42cd0a833121ffc068a567a376101dc95ae4c9
10mb,Cat,Cat/10831.jpg,41228,01521cca4c030690e8365a45831311174164578cebe4900f9f68c90587b5ea4b
10mb,Dog,Dog/4740.jpg,23240,787838ee5276ee3079eb9ae23f9ba7860650c0aa4a1bd39f60152f6bfb9b6ccd
10mb,Cat,Cat/4757.jpg,26893,42d8d9d5fc0a332ae9881892a4b68dfe5374fb12962be53dff3e671fd84cd152
10mb,Dog,Dog/5012.jpg,55695,74c70a26210735cfbb4682d77d323e3da74236e4d52d24fc37799c38486acfd2
10mb,Cat,Cat/930.jpg,33593,3fd36e4195ae58193f2b842927b7d78d19b907ee88dc934a201b54499dc90982
10mb,Dog,Dog/5564.jpg,29898,c5e562bcc0a8ac5b98a24ff76d6df24ecb3ba7424cdb425300a09a8e682c0b3d
10mb,Cat,Cat/12003.jpg,18007,a30f83607bf1a0ceb6c5a4486ef937f0ed9a7c8b210825ccaade3ad8dddf6daa
10mb,Dog,Dog/9304.jpg,21536,3e5a7c361e33554ed39738e73626ffb1ac47eedd2c819a4173832d99330a08bc
10mb,Cat,Cat/915.jpg,25604,8ccc0bcd80b544c5468f158ca962e4fbd927cf8517f9224939a66837d102dd52
10mb,Dog,Dog/12178.jpg,10889,d47a593e0016cad62cb14b0339a19d220781d6f45f92c25e9a4140b763f30b55
10mb,Cat,Cat/9850.jpg,20883,9e4643629b24e761dbc36431e5c45f588cefb2daad2f433bddbfe39a950106a5
10mb,Dog,Dog/5505.jpg,27650,6ef1cf4e8385b988d9276bbdc905a55d985f79059ba05ee03a3548f7b0eae470
10mb,Cat,Cat/4105.jpg,31306,2317ef934a0644fc2bc10e4a0e2493d0a1ba7feed9d6766f08b277880909a0fe
10mb,Dog,Dog/6649.jpg,64604,84858d21be8bed129496812c73f52da8a7b7fc60f87c8deb6627a54c02ce80b4
10mb,Cat,Cat/898.jpg,53140,4538db27c059a3a1588f04da5b1e94f89054d9cef5ed502227c6e87119597784
10mb,Dog,Dog/10052.jpg,20114,b9e7fbd533d7ca7b2af12c2fc44bab8ce7614f4fc8d66cf6780ca0666a7f567b
10mb,Cat,Cat/12045.jpg,45441,e1b37ee6d779eb20767f72817b427e2a017514f4f042ffce002b4597dd8f44c5
10mb,Dog,Dog/302.jpg,35056,0c2d3b227c2fb81c03d37dd780a158967193b23c24a8daf0ddd54aef25872dc3
10mb,Cat,Cat/4780.jpg,17875,9916990de2750b2b028986edfe64807f7f39ff57e5cf526153e03c5783b765d9
10mb,Dog,Dog/5069.jpg,15119,d2db1e518be0191588293f9c5481e78d2231c3d0e51bdcf87bfe4363864f0634
10mb,Cat,Cat/6083.jpg,29210,c7e027c834bb5c2a1e4ff40042281a03077e6349d2e2545b3e0c864ca1c5c14d
10mb,Dog,Dog/11282.jpg,56868,2ea930a88e023e796ff2184ab1553e6d6834c2683690262a66500b15da0b105b
10mb,Cat,Cat/9105.jpg,27473,d2a68c6e3ee26a5a15de1b4229d0c59b5f648a04e458f48d9c63f6268dcb2a81
10mb,Dog,Dog/5320.jpg,32268,70d278bf436b8158f9e662b833f08fa90e43d6f5c3ffb2205af4bd7fb717e963
10mb,Cat,Cat/5195.jpg,29410,e1083e3a62f5237a649ae280d6fd7cbdc0d535605cd6a82d340bb6078a4b4868
10mb,Dog,Dog/8008.jpg,34178,3166e84f688ac574ca35943a55c70e02a642d405b2c5a510f2f74dd383bab65e
10mb,Cat,Cat/3109.jpg,26493,2dba0025d23fe707f737103a3b73d5dee4ee1d0c3e9c1f8a5dbbcf17fbb0a5d1
10mb,Dog,Dog/1386.jpg,34177,b9495aeb78bda2a5feeb0e4a0ddb61732d31ece353c118d88754951f339ce026
10mb,Cat,Cat/8646.jpg,11144,70cad6667cb3701a6d0cdc9aa9d47a4943c6fcb2f13892c96bf8745245028c30
10mb,Dog,Dog/8521.jpg,238134,1f11849a84f8b3a7181ce0bbeae364af6a7bbfab78690d5fb346a822ddf11bdd
10mb,Cat,Cat/10282.jpg,25035,9893269c88835d3e5fbe4218a318f9d80219a623f165c6ca64d7cc00d536bb62
10mb,Dog,Dog/1801.jpg,45378,aa6b1f6709aa860c772d998e66ba00624d4e1307a20c0f7a35ce3dd0754aec11
10mb,Cat,Cat/5093.jpg,19768,a95bfeaf417294b99f674a3fe6d48e685aa2dc7d9a7d7b59dd020d66b0f937ac
10mb,Dog,Dog/295.jpg,22608,b68d8f5f1020741fbc84a88819625b03e129f0b84ccbc320c2d7e3a4c40da65f
10mb,Cat,Cat/4068.jpg,26221,39f7acf0bdfdbb1229d55d26882f415ab4e46e1f684790c1a195db87e26a5b4a
10mb,Dog,Dog/3189.jpg,127314,d8fae0c42f6ce1213bdb86801628c7184049e12f0f93a0168946cb8122c2eb41
10mb,Cat,Cat/8080.jpg,58635,0df4687e197cf21fa7ff0024a8d1c5cc020389019db6e46a828c46201f8ac832
10mb,Dog,Dog/10034.jpg,23088,b39cbfefa044af4e2e61b772c2a2cbe802e2fed739e3166009b0cd94b7247755
10mb,Cat,Cat/7811.jpg,26587,d5ad40dc73b8a483f2163513ca7e90723db89d24fbab41452d3ee130879bd8e6
10mb,Dog,Dog/9793.jpg,22783,11235cf543e2518d8f69155b5d082291292428aa811c95bf7b5997fd1e557c90
10mb,Cat,Cat/6599.jpg,26291,587c74a03f956e9fcecd171a7c74a37eb33cb8684e68164acd4a90056949e58e
10mb,Dog,Dog/10038.jpg,40034,3d3671593850b64d6fddef890449a19d7953b7a554470edec996b0eb8f85b893
10mb,Cat,Cat/4038.jpg,18409,3953d9f137ad0b0de0f2ef055e5cd941a4cffc4a7b6f0338f84bb21c4df889e0
10mb,Dog,Dog/5991.jpg,31234,b07e52d22640842149d3a4e2889e3ec454a638d1ea557f38afc637eb9a0a002b
10mb,Cat,Cat/10294.jpg,65587,8c9b16c2818264fa2f0e583bfe6ef9b62845ff2f9ed82c8a20769dfcd2287884
10mb,Dog,Dog/6650.jpg,6240,3c42cbbd54b77b6e6ba8b8ae3c22fc1ff47ca4974368d02d6bd040f34f6173d1
10mb,Cat,Cat/2737.jpg,49126,0af4af7a4069dac0628dd38641bab2ef019f27f018a2a253a9620afcc1fbfcea
10mb,Dog,Dog/6030.jpg,18963,92ab4e14db0ea92c41e70e1ad6e6b35457f9e3604da2da8788ab29ba5f93b413
10mb,Cat,Cat/7122.jpg,45865,7633f31522fbb10f168772da8d7b82360158cc4f658be1ce4bab61b883e6878d
10mb,Dog,Dog/9544.jpg,80129,991350be3d171a63e754a4f5e5c35ca9274b11f54e5e13418073a530b8e13cee
10mb,Cat,Cat/9690.jpg,27604,e72e7d5003df83c41925973e32f191d7354277318817696b67c1720e7c78fb87
10mb,Dog,Dog/8083.jpg,27262,23f2342f2b4105cdbfed97d3347375748fd119bc04ee6e83ad255fbdd258472e
10mb,Cat,Cat/7358.jpg,4569,e362e2a07d72b1096d7a75a44b3cdd35fcd14e7f7fef48b15bc39e638876d533
10mb,Dog,Dog/9950.jpg,35948,bdd259ff91e22b02f8e5fc083849b6babe0720ec12b417be51e1ce8c18b3c273
10mb,Cat,Cat/6839.jpg,63672,38db5a6654d3621ddce43a3081b529e08d8b76f917f2078aa9c0f4582501dfff
10mb,Dog,Dog/7034.jpg,59177,3dcf79eb2e2b16739aab600fcee1a22c280494ed0cdd800cae0d63a36ccca245
10mb,Cat,Cat/3051.jpg,18125,75b59f2b961a412752a7151b90ea872dcb20643ec3ed36441a7f81e8f0bc82d2
10mb,Dog,Dog/4859.jpg,64264,c53167c6a22ac6b4d4aa34cb67ede4aa1dd0f71cede7c347b64f212e00a24651
10mb,Cat,Cat/4713.jpg,17963,f3aa897caad8a743810df85f4393d1c6d0524d714c3fad9e77d20052fb105fb1
10mb,Dog,Dog/41.jpg,54799,a41df9fd65cc3907194aff5b0ab7558fd217fe1d1fce442409bb791b287aa2ec
10mb,Cat,Cat/5088.jpg,16827,2819d311beadf3250c0292395fc7e3ae9151842e8d93f7900f2885342ef22ee1
10mb,Dog,Dog/12107.jpg,50553,85b579a1172c7d0cc5eb0271e6722deee52cc1783e1f5dbe96ce46830817b290
10mb,Cat,Cat/2599.jpg,47026,f8bf44df713189185c8146ae5a294478f4e6d70b7c03adc052213be2a2723c98
10mb,Dog,Dog/6384.jpg,42904,dbc0bb149c0c6a4e7385e4f83ae08b911c2360bb95ad01c4699eec3a70199f3f
10mb,Cat,Cat/11554.jpg,14123,6c13e28e440d2335b30940f10b71ebae050dba8b99ad3bc8cbde16914b6d8948
10mb,Dog,Dog/11854.jpg,40480,4a8695dcec0917c11003ed116ff4ab0cdf855505fa6f666c2970cca09bfe77f2
10mb,Cat,Cat/5988.jpg,32610,d97c378c7c604a6a8ef71977a178967d8d600e23439e020a0b5979d6d068ba3b
10mb,Dog,Dog/7057.jpg,27813,6545ebf3354734485821dc51712c9cc882fd3799c1611638c7193c4a52da05aa
10mb,Cat,Cat/985.jpg,38739,9216db1dde0351b5dd67e7c676f22681f5cac99bc9a6a01a24636a9223eb10b8
10mb,Dog,Dog/7645.jpg,59993,8a3725c9fc64f520bc7add3445e806ef78b04d1e8b8f93fa7af8c99c9f44499c
10mb,Cat,Cat/8566.jpg,44059,6d096177a45a648d5a443dfe1bbb39f4462ccc2e75c9ed6bf152daf88534fc8d
10mb,Dog,Dog/7722.jpg,16552,cd7019145e79cfa7956bfb6cc8b0e464ba210b7793a23cb75cd730db771ba023
10mb,Cat,Cat/11086.jpg,415054,7f8de3271ae8d6259eb74d313f7da5584f90ab32d8268f76af4b755604f99bc4
10mb,Dog,Dog/7931.jpg,75721,6356da70342aa9300335d4c27b06daac54a0ae3ac5b971d489eb22c231cd9047
10mb,Cat,Cat/10620.jpg,22703,12a28b8db1e89b991f8cff74f9bb04a225e24b5325ba66760a596932cb68aaa9
10mb,Dog,Dog/11494.jpg,30377,eaf33ef502b83132e6218f49668e75abb1e0709838db5aa85a2f61c2961cbe99
10mb,Cat,Cat/7232.jpg,26577,9dd98e7cc24efec7498682076ed1352dd33b8f978fe88d86a4c5be9df1e76579
10mb,Dog,Dog/10688.jpg,41279,d182e507c0fbbdbb952459cfd45e58558862b2ff4c8063d33a244d127b64d298
10mb,Cat,Cat/1262.jpg,50883,fc06a43ec9965e1e2732da3e8ddd379dc5068f81b50c9ec88517088777fc729a
10mb,Dog,Dog/6181.jpg,20505,07257ba2831fdf9fea92c723c0f63f500f6aa6cc11173aba570136383dac1954
10mb,Cat,Cat/2261.jpg,24325,0750e5a60dbc29bbb37b593500d0e17c0d2f7b2a81dd9e90bd4acbce5658111a
10mb,Dog,Dog/4872.jpg,51476,6fadbcb415291ffcdca2ffe6b338557397451abc98b684332c1f973d6cb308cb
10mb,Cat,Cat/2477.jpg,50145,f98bcbcf3be341579f2b39cafc4a35b9178d52a4e5f0f4afa3e59e19c85879f6
10mb,Dog,Dog/2150.jpg,37630,93b33b96440651c36b47ff5e6b6e002e3e9edd6be301d651faf59cbfd78d0186
10mb,Cat,Cat/2032.jpg,36845,c244cfcc764e197ebdbd008424735b6716d22f80e90c536126004838f38ad287
10mb,Dog,Dog/969.jpg,32945,86214f247851d4c8c3444e18f92082a8495788d1e5c104b8385806607cd201e4
10mb,Cat,Cat/3393.jpg,22853,fee9ee990c02f27dd4f1924c640cd03374bd4c969b7b1a1c044691da971385a3
10mb,Dog,Dog/4008.jpg,35392,256b962f91d243ff5dc118cef73cbbba9a2ba9e8120af5920a5cd074226414b6
10mb,Cat,Cat/6991.jpg,21389,5678140f2f362d3f2e6f8f12145f6bbed32f4d66f8820998af3998deda1263c4
10mb,Dog,Dog/11915.jpg,5694,cdc98040317aa0a767999c5ee8b36c9e7529bb4ae4052e4ca0e0094db042f2f0
10mb,Cat,Cat/232.jpg,20878,7cf90b2491430f77ccd67ee23de26f526d92045a7ee62c4b284f589ead1afe58
10mb,Dog,Dog/4060.jpg,18834,3eddcc90446ea5054c5ee303eeffcc98e04ea2852bceda4f4693c445403153c4
10mb,Cat,Cat/4616.jpg,23070,57cc80848a85bb6f85962a477f97b20333798d60e2444dfa29834d99653d891b
10mb,Dog,Dog/7225.jpg,71053,f68518dad40b50af8de3627c5475b963d77499a43c33ae7ccf0dd1826b1b3795
10mb,Cat,Cat/6054.jpg,26610,28d1325d2bc14938b8766dd0dd20522a1b2cb8ff79af3cf5c1dba63cd5849d26
10mb,Dog,Dog/7055.jpg,29431,ccc60ec95b1af3bfbecbe5337a0564d5b3572561118860b065777c42c783b308
10mb,Cat,Cat/2781.jpg,74592,9060774cdb937cd1ffc5b889316e9ec2a2d491a38890db527fc9d94893ae848a
10mb,Dog,Dog/1898.jpg,43566,2330b3e98d84e79934813665c3263459d17359842d98fdcfb5586419d1cd57b2
10mb,Cat,Cat/11545.jpg,19062,d3cca1d979e310c0604b3e2141bff520fb0a79c45f0848a6382a7189882d416b
10mb,Dog,Dog/4527.jpg,25076,9f53fa963a9a7b981be66b3df3a1dd7a120b10f33dd4cfdd3f2255dc52caf184
10mb,Cat,Cat/2612.jpg,17227,9e6a79eefb489dcb18a710c8e3043eb541ac3414c2d2dbd40423830e0da9c758
10mb,Dog,Dog/3884.jpg,70022,530283ca5d3834130da00e3f5f0aae33468acc1bf2761d35af8f11e33a6c0896
10mb,Cat,Cat/10413.jpg,25388,17a9525d026f282a5a854bbf1266bc2ffc16bfbc0d45273ee491243838bb281c
10mb,Dog,Dog/12336.jpg,34554,54917661ee1bb7fecb25d3ecfc69cfc1f34a9f05c8fd5e58d887e14b0ca80d88
10mb,Cat,Cat/2626.jpg,15055,aeb6b25642a9063807c2d880c90c277d9a8d7c642117a3d6ff89d365a4731f08
10mb,Dog,Dog/9405.jpg,32751,a6320eb8704c2a9fcff24e93ac8cf6cf8a60a87b6cd4aedd35567a45ef95d812
10mb,Cat,Cat/12072.jpg,18601,44edb45d5e148dba2902287b388ac5c55709ac65b7f65583ed1ca6b5b6161987
10mb,Dog,Dog/6865.jpg,94085,a122279828956200b4e6cf4544f38b1f561a6f7af67a9fc0b6cb19bb5f059fee
10mb,Cat,Cat/11504.jpg,13748,eaac769f481fbbfa5106ee2e817f726513b79fcd21a6d3dae48d4b504a7da911
10mb,Dog,Dog/9349.jpg,115696,d48a55190a54edf3dedf6fa61896e7cc771b4a7ecea36051f517781d4cd700d4
